x,y,cell_id,name,mean,variance,population,infected_DM_0,infected_DM_1,infected_DM_2,infected_DM_3
-2.2656917,53.4447221,-7903444783360770330,,38116,58116217,59,1,0,0,0
-2.2641192,53.4339394,-55301616101183770,,46723,87324344,54,0,0,0,1
-2.2641527,53.4393324,-1799129505341421850,,42055,70748164,68,1,0,0,0
-2.2641806,53.4438266,-6922193285528310042,,37936,57566094,42,0,1,0,1
-2.2625531,53.4240555,-5944133414741826842,,35439,50237369,35,1,0,0,0
-2.2626418,53.4384369,-5608213471952672026,,39682,62987676,68,0,0,1,0
-2.262664,53.4420323,-6104919003042739482,,37466,56148629,74,0,1,0,0
-2.2626751,53.44383,4841772569815309030,,36271,52623688,21,0,0,1,0
-2.2627695,53.4591102,5228304199853583078,,26214,27488522,192,0,0,1,0
-2.2628028,53.4645032,-4914485009058255130,,22831,20850580,65,2,0,0,0
-2.2628473,53.4716939,-4730014491813090586,,18332,13442776,200,1,0,1,1
-2.2610152,53.4186657,5173944745410239206,,14786,8745619,41,0,0,1,0
-2.2595928,53.4321516,-3186463172877651226,,30232,36559080,34,0,0,1,0
-2.2595982,53.4330505,4728380058564737766,,30798,37942090,114,0,1,0,0
-2.2596037,53.4339493,-4347429581144011034,,31266,39102840,84,0,0,0,1
-2.2597574,53.4591168,8864222466996232934,,25690,26399141,100,0,1,1,2
-2.2598068,53.4672063,5538582275697341158,,21366,18260682,93,2,0,0,0
-2.2599167,53.485183,5081524606056243942,,10770,4640097,68,0,1,0,0
-2.2580223,53.4213688,-4182704147092003098,,10582,4479229,80,0,0,1,1
-2.258104,53.4348514,4541397942516936422,,27033,29231618,97,0,0,1,0
-2.2581586,53.4438398,4768270369095828198,,29154,33998495,28,1,0,0,0
-2.2581804,53.4474352,-4295180408545597722,,28755,33074472,160,2,0,0,0
-2.2582131,53.4528282,7688969206081764070,,27407,30046722,72,0,2,0,1
-2.258295,53.4663108,-3233283323207055642,,21683,18806245,99,1,0,1,1
-2.2583332,53.4726026,1459857957755788006,,18253,13327328,167,0,0,0,2
-2.2566368,53.4411466,-7727797502955529498,,25871,26773071,73,1,0,0,0
-2.2566693,53.4465396,2277113781933741798,,26598,28299627,53,0,0,1,0
-2.2567778,53.4645164,2260235857620370150,,22131,19591310,113,0,0,0,1
-2.2568702,53.4797966,1963039215706292966,,14101,7954294,112,0,1,0,0
-2.2568919,53.4833919,-525235792793170202,,12048,5806567,326,0,1,2,1
-2.2551799,53.4492393,-860152054007299354,,24442,23897044,131,0,0,0,2
-2.2552824,53.4663173,5793172649282262758,,20794,17296100,129,0,0,0,1
-2.2536635,53.4474449,-7152446989104168218,,22002,19364735,100,1,1,0,1
-2.2537224,53.4573321,-3808541654196958490,,22331,19947874,68,0,0,1,0
-2.2537976,53.4699158,56118646441252582,,18726,14027141,104,1,0,0,0
-2.2539157,53.4896902,-3352035843012958490,,8710,3034980,143,0,0,1,1
-2.2506151,53.4411593,-7675963362233193754,,14479,8386630,71,1,0,0,0
-2.2507211,53.4591361,-719289685966638362,,19383,15029324,69,0,0,0,1
-2.2507582,53.465428,-8085232327441485082,,18602,13841849,67,0,1,0,0
-2.2510024,53.5067744,-2557810717951218970,,2408,232078,141,1,0,0,0
-2.2491992,53.4564428,-1262665151373865242,,17747,12599520,97,0,0,1,0
-2.2475468,53.4312784,-6467714298833766682,,4567,834552,92,1,0,0,0
-2.2476933,53.4564459,-7653867988964343066,,16143,10424898,97,0,0,1,0
-2.2479869,53.5067807,8567002034274011878,,2386,227742,48,1,0,0,0
-2.2461769,53.4546513,-3174668191766150426,,14147,8006299,43,0,1,0,0
-2.2461977,53.4582467,8907491340653719270,,14900,8880825,85,1,0,0,0
-2.2430829,53.4402761,-7297340031951181082,,5397,1165278,55,1,0,0,0
-2.243268,53.4726343,3430661211339613926,,12432,6182377,300,1,0,0,0
-2.2414959,53.4258976,2284183142951257830,,640,16398,145,0,0,1,0
-2.2415061,53.4276953,5430031713043068646,,891,31795,67,1,0,0,0
-2.2415826,53.441178,2134388145120086758,,4728,894320,46,1,0,0,0
-2.2417563,53.4717385,-8856656228966394138,,11619,5400185,456,2,1,0,0
-2.2417717,53.474435,-5335441571831362842,,11267,5077848,361,0,1,0,0
-2.2402244,53.4672474,3722726391797553894,,10740,4614248,209,0,0,0,1
-2.2402549,53.4726404,-4165283725814934810,,10606,4500046,391,0,1,1,1
-2.2387635,53.4753399,-2367741057041241370,,9469,3586505,475,1,2,0,1
-2.2371566,53.4573662,5301323720246154982,,7025,1974436,150,0,0,0,1
-2.2356157,53.4510773,9004721890016331494,,4467,798394,125,0,1,0,0
-2.2357503,53.4753459,-4785219550146097434,,7871,2478131,640,0,1,0,0
-2.2686801,53.44112,1561323099836115686,,43757,76588867,77,0,0,1,0
-2.2687539,53.4528049,4435147735059116774,,29425,34635539,95,2,0,1,0
-2.2688334,53.4653887,-8738292539663768858,,19901,15842786,226,0,1,1,0
-2.2688789,53.4725793,2659463657952668390,,15419,9510053,11,0,0,0,1
-2.2672142,53.4474153,8694117606224232166,,35425,50198061,207,0,1,0,1
-2.3019202,53.4581188,-7893421087524471066,,1154,53272,130,0,1,0,0
-2.3005921,53.4832899,-4458982131145969946,,705,19889,83,0,0,0,1
-2.2971008,53.4149859,3219679103544351462,,615,15142,35,0,0,0,1
-2.2898966,53.461744,2843093185080219366,,5130,1052698,84,0,0,1,0
-2.2865634,53.4141128,2244086235940656870,,44622,79645991,82,1,0,0,1
-2.2867389,53.4401792,7525227969251110630,,12815,6569020,100,0,1,0,0
-2.2868783,53.4608524,-5360753529994101018,,7181,2062831,262,1,0,0,0
-2.2850589,53.4141164,-2326150663615603994,,80711,260576495,82,0,0,0,1
-2.2852697,53.4455758,9159716689765476070,,12941,6699378,138,0,0,1,0
-2.2835186,53.4087269,3087112355122137830,,306419,2147483647,85,3,4,0,3
-2.2838241,53.4545678,-7670590484454127898,,11482,5273801,158,1,0,0,0
-2.282056,53.4150224,-8879952954009294106,,184299,1358654223,50,2,0,0,1
-2.2821989,53.4365946,6065747358238092006,,26434,27950732,55,1,0,0,0
-2.280516,53.4096329,-6273292361791023386,,914534,2147483647,5,0,0,0,1
-2.2807411,53.4437888,-6316401358366248218,,22021,19397874,58,1,1,0,0
-2.2807886,53.4509795,-7274250121121723674,,16819,11316195,132,0,0,2,0
-2.2808064,53.4536761,1379323443210039014,,15371,9451511,99,0,1,0,0
-2.2789999,53.4078387,125028254233245414,,2071481,2147483647,20,7,2,6,5
-2.2790235,53.4114341,1397196653590858470,,664317,472863354,47,2,3,1,5
-2.2792061,53.4392982,2688314833196445414,,30928,38261873,130,0,0,1,0
-2.2775074,53.4096399,4947301433501199078,,960242,2147483647,82,15,5,5,8
-2.2777067,53.4402005,1856372631446302438,,33224,44155708,90,0,2,1,0
-2.2777301,53.4437959,-366145251308531994,,28056,31487005,66,0,1,0,1
-2.2778182,53.4572784,1370754339500562150,,17020,11588515,76,2,0,0,0
-2.2779474,53.4770528,-8535380428958730522,,8184,2679650,61,0,1,0,0
-2.2760031,53.4096434,-8820616222601541914,,641685,2147483647,58,3,4,10,4
-2.2760206,53.4123399,5726773707050736358,,471824,314784284,73,5,2,6,3
-2.276143,53.4312156,-994356348131164442,,62986,158692048,66,0,0,1,0
-2.2761954,53.4393052,2476614203591677670,,38390,58954719,84,0,2,0,0
-2.2762246,53.4437994,-5678218201772311834,,30941,38294241,150,0,0,1,1
-2.2763122,53.4572819,-5085592797082956058,,18697,13984205,89,0,1,0,0
-2.2763297,53.4599785,-938212887150026010,,17092,11686751,265,1,0,0,0
-2.2744872,53.4078492,5587628396275936998,,269072,2147483647,46,1,0,2,1
-2.274493,53.408748,-154122749003444506,,325813,2147483647,56,2,2,2,0
-2.2746959,53.4402075,-7173369861790438682,,39713,63087343,89,0,0,0,1
-2.2747365,53.4464994,-632038895201866010,,29979,35950172,92,1,0,0,0
-2.2747423,53.4473982,3042815643031064294,,28923,33461640,72,0,1,0,2
-2.2748178,53.4590831,3730736217694112486,,19151,14671895,69,0,0,0,1
-2.2730118,53.4123469,-3201484322756805914,,233328,2147483647,77,1,1,1,0
-2.2731213,53.4294249,-8789908181581459738,,78558,246856857,65,0,0,0,2
-2.2732714,53.4527947,2616356044115728102,,25461,25930943,55,1,0,0,0
-2.2715074,53.4123503,-2913805330674472218,,143661,825541220,69,0,0,0,3
-2.2717081,53.4438097,-1287406204744597786,,37685,56807773,125,0,1,0,0
-2.2717196,53.4456074,-7710881299375691034,,35063,49177694,65,0,0,1,1
-2.2717368,53.4483039,-8606497867196690714,,31659,40092432,70,1,1,0,0
-2.2720531,53.4977398,2270655851764042470,,3140,394614,114,0,0,0,1
-2.2701627,53.4375213,-2508114947966684442,,50723,102916585,131,0,1,1,0
-2.2701855,53.4411166,-1478567647357840666,,43404,75357482,42,0,1,0,0
-2.2702026,53.4438132,-6613529891886863642,,38958,60709897,141,0,0,0,1
-2.270254,53.4519027,-5846948052282024218,,29224,34163877,99,1,0,0,0
-2.2702997,53.4590934,-8753471821317727514,,23216,21560142,187,0,3,0,0
-2.2685836,53.4258398,2388967691014491878,,80766,260931389,77,1,0,0,0
-2.268595,53.4276374,-6879806262695526682,,75646,228893670,34,0,0,1,0
-2.2686006,53.4285363,-116449878521627930,,73035,213365501,53,1,0,0,0
-2.2686914,53.4429177,-3074028549942443290,,40935,67027037,113,0,0,1,0
-2.2688391,53.4662875,-5715516705906963738,,19317,14927002,114,0,0,1,0
-2.2672763,53.4573025,6181454640530078438,,26464,28014106,137,1,0,1,0
-2.2673724,53.4725827,-2910062596995826970,,16159,10445466,382,4,0,0,0
-2.267378,53.4734816,-5382282617366181146,,15610,9747593,289,0,1,0,0
-2.2676952,53.5238161,3959921491365091046,,204,1667,65,0,0,1,0
-2.265473,53.4096673,-5106175553058999578,,6080,1479074,39,0,0,0,1
-2.2655515,53.4222511,2569002052646554342,,55976,125336222,70,0,0,1,0
-2.2657872,53.4600024,-1280341062552902938,,25088,25178018,232,1,1,0,1
-2.2659052,53.4788779,9170032080984479462,,12988,6748017,216,1,1,1,0
-2.2659446,53.4851698,9189165521851886310,,9479,3594811,493,0,0,0,1
-2.2642643,53.4573092,6606389088641780454,,27333,29885808,158,1,0,0,0
-2.2642811,53.4600057,-2094136700376243482,,25489,25989333,178,1,2,0,1
-2.2642867,53.4609046,2786209257130086118,,24886,24774266,219,0,0,1,0
-2.2626251,53.4357404,-8075047445361915162,,41010,67274739,69,0,1,0,0
-2.2626529,53.4402346,8216016024094227174,,38615,59646538,85,1,0,0,1
-2.262775,53.4600091,3244357800407432934,,25648,26313503,211,0,1,0,0
-2.2628806,53.4770869,6431858480006093542,,14985,8983142,396,0,0,0,1
-2.2610648,53.4267553,1881598345399029478,,31291,39166885,82,0,2,0,0
-2.2612468,53.456417,7677795732125841126,,27600,30472163,101,1,0,0,1
-2.2612524,53.4573159,-8367947633423936794,,27095,29366513,85,0,1,0,0
-2.2614403,53.4878763,8431840650930669286,,9070,3290746,238,1,0,1,0
-2.2596366,53.4393424,6928252925488064230,,32375,41925625,65,0,0,1,0
-2.259686,53.4474319,3679959816390162150,,30734,37784316,242,0,2,0,1
-2.2597903,53.4645098,-552839631580457242,,22866,20914384,105,1,0,0,1
-2.2598288,53.4708017,-4258331879003895066,,19290,14885537,93,0,0,0,1
-2.2581422,53.4411433,-4556410478750301466,,29077,33820121,66,0,1,0,0
-2.2581858,53.448334,2182611429018783462,,28584,32683144,147,0,0,1,1
-2.2582295,53.4555247,8915947933731477222,,26490,28069024,119,1,0,0,0
-2.2582404,53.4573224,5190865822862942950,,25806,26638835,77,1,0,0,0
-2.2584918,53.4986688,-1670955482653539610,,4574,837177,66,1,0,0,0
-2.2586616,53.5265325,-157995781248199962,,192,1483,10,0,1,0,0
-2.256691,53.4501349,2900630327606301414,,26391,27859407,140,0,0,1,0
-2.2567181,53.4546291,-642915918212897050,,25562,26138350,95,1,0,1,0
-2.2552069,53.4537335,-3264897569426265370,,24249,23521479,67,0,0,0,1
-2.2552284,53.4573289,8354696117189751526,,23651,22376119,118,1,0,0,1
-2.2536688,53.4483437,-747376947130797338,,22179,19677463,104,0,1,0,0
-2.2523125,53.4735144,5897244960032143078,,16661,11104417,184,0,0,1,4
-2.2524781,53.5013782,-8627272483110715674,,3875,600692,131,0,0,0,1
-2.2506575,53.4483501,360096994605882086,,17802,12676821,120,2,0,0,0
-2.2507794,53.4690233,6473393554871122662,,17676,12498364,34,0,1,0,0
-2.2508006,53.4726187,-7157863874328960282,,16456,10832053,256,1,1,0,0
-2.2508165,53.4753152,-4052190018015757594,,15379,9461541,344,1,0,1,0
-2.2508802,53.4861012,5402470065863469798,,10298,4241980,638,0,0,1,0
-2.249215,53.4591393,7817097443231928038,,17948,12885278,113,0,1,0,1
-2.2492203,53.4600381,6920988056863402726,,17963,12907971,171,0,0,1,0
-2.2493785,53.4870032,-2612736404189292826,,9657,3730337,333,1,0,0,0
-2.2475363,53.4294807,5130503960379421414,,3663,536937,126,1,0,0,0
-2.2476148,53.4429633,-4969036807814083866,,11228,5043345,42,1,0,0,0
-2.2476985,53.4573447,-5069807248749291802,,16283,10605789,84,0,0,1,0
-2.2431703,53.4555564,5071148158388771558,,11367,5168780,228,0,1,0,0
-2.2417052,53.4627501,-1205675040488135962,,11509,5298407,47,0,0,1,0
-2.2417921,53.4780304,3484035563748343526,,10557,4458615,56,0,0,0,1
-2.2403515,53.4897183,-7822131823258101018,,6667,1778428,621,1,0,0,2
-2.2385365,53.4348921,-6063317493100775706,,1553,96477,110,1,0,0,0
-2.2386474,53.4546666,8099528676304256742,,7346,2158817,117,0,0,0,1
-2.2389101,53.5014061,-6605660611382893850,,3136,393401,190,0,1,0,0
-2.2371165,53.4501754,446068822690904806,,5034,1013709,124,0,0,1,0
-2.2371516,53.4564673,-2327882606240945434,,6799,1849425,111,0,0,2,0
-2.2356556,53.458268,8756931848042127078,,6281,1578282,104,0,0,0,1
-2.2356656,53.4600657,-720865710858229018,,6670,1779567,141,0,0,1,0
-2.235895,53.5014121,-7458844759115777306,,2810,315985,198,1,0,0,0
-2.2340605,53.4420918,-3933303127479475482,,1785,127486,105,0,0,0,1
-2.2341397,53.4564733,-7111100781040061722,,5020,1008408,238,0,0,1,0
-2.2329145,53.5077099,3587527981217353446,,1506,90772,58,1,0,0,0
-2.2310984,53.4510861,5698718543070881510,,2602,270834,249,0,1,0,0
-2.2297773,53.4852449,1220674658103981798,,4471,799916,135,0,1,0,0
-2.2266242,53.4591843,8741451993315398374,,2510,252067,680,1,0,0,0
-2.2267537,53.4834529,1192822849794961126,,3724,554813,224,0,0,0,1
-2.2219981,53.4385195,7223335276483340006,,174,1217,79,0,0,0,1
-2.2147302,53.4897671,7892019512122614502,,1121,50289,184,1,0,0,0
-2.2960589,53.4815035,8246065388947543782,,1319,69601,95,0,1,0,0
-2.2928594,53.4545459,-7838784797896480026,,4187,701441,80,1,0,0,0
-2.2911321,53.4221915,-3237651230923630874,,8501,2891204,84,0,1,0,0
-2.2899641,53.4716312,-7586931526319089946,,3808,580338,93,0,1,0,0
-2.2880618,53.4132103,6695669323658141414,,23319,21751179,74,0,1,0,0
-2.2882626,53.4428721,-2295920481450905882,,9617,3700203,70,1,0,0,0
-2.2865332,53.4096186,-8994877886770574618,,43891,77057856,58,1,0,0,0
-2.2850168,53.4078245,6532528607631362790,,108530,471152736,13,1,0,0,0
-2.2854205,53.4680467,8324799396362177254,,6629,1758027,348,0,1,0,1
-2.2837402,53.441984,8257313254364284646,,17452,12183316,115,0,0,1,1
-2.2820322,53.411427,1918676013147418342,,359203,866117751,72,4,1,0,0
-2.2823182,53.4545713,8043821423416743654,,13158,6925474,66,0,0,1,0
-2.2825332,53.4869294,709768241551748838,,3513,493835,216,0,1,0,1
-2.2805515,53.4150259,-6147769700265173274,,252563,2147483647,21,0,0,1,2
-2.2807233,53.4410923,4813159392861823718,,24779,24561028,84,0,0,1,0
-2.2807827,53.4500807,6929192570264481510,,17349,12039985,71,1,0,1,0
-2.2808005,53.4527772,2871180193639244518,,15833,10027630,105,1,0,0,0
-2.2809192,53.4707539,6776804180948930278,,8673,3009491,270,0,0,1,0
-2.2790058,53.4087376,-9079078786806893850,,1483102,2084403875,63,8,12,8,11
-2.2790176,53.4105353,-720198948206891290,,843920,2147483647,57,1,4,4,4
-2.2792297,53.4428935,-8513949159690992922,,26053,27152114,20,0,0,1,0
-2.2792474,53.44559,-4471308034543215898,,23229,21584344,68,0,0,1,0
-2.2775132,53.4105388,-809025424957743386,,792124,2147483647,65,4,6,4,5
-2.277525,53.4123365,-6903218495024682266,,547832,2147483647,5,0,0,0,1
-2.2777008,53.4393017,966742290589213414,,34787,48405624,92,0,1,1,0
-2.2777243,53.442897,-1332144396161656090,,29208,34124740,18,1,0,0,0
-2.2759973,53.4087446,5090933542953084646,,669248,735896518,48,2,3,2,3
-2.2761663,53.434811,1828973165260305126,,49564,98266801,67,2,0,0,1
-2.2761779,53.4366087,2020125837648897766,,44509,79244374,128,0,1,0,0
-2.2762363,53.4455971,6475762239881448166,,28638,32806787,186,1,0,0,0
-2.276587,53.4995271,6438947806437767910,,2087,174233,332,1,1,0,0
-2.2744988,53.4096469,-8652780654463675674,,359040,861450200,48,6,1,2,0
-2.2745046,53.4105457,1638892240774247142,,370654,1200418385,56,1,5,1,5
-2.2745162,53.4123434,-3003564523107644698,,350887,629905219,76,4,0,4,3
-2.2746321,53.4303203,-3355630698952547610,,71642,205306635,8,0,1,0,0
-2.273006,53.411448,8034210142837126886,,225338,2031105787,50,1,0,0,1
-2.2731905,53.440211,7387672678771811046,,42214,71282740,110,0,2,0,1
-2.2731963,53.4411098,-8559598611388451098,,40457,65470876,101,0,1,0,0
-2.2732771,53.4536935,6566853868043886310,,24687,24378275,71,0,1,0,0
-2.2732829,53.4545924,-9189900713025543450,,23945,22934846,72,0,0,0,1
-2.273306,53.4581877,2969625376061137638,,21244,18053046,36,0,1,0,0
-2.2733291,53.4617831,9037283594598137574,,18865,14235637,144,3,1,0,1
-2.2736648,53.5139153,1811288212952307430,,557,12424,61,1,0,0,0
-2.2719092,53.475269,-2641337773790384410,,12279,6031003,160,0,0,0,1
-2.2699973,53.4114549,8390588510712099558,,71570,204894119,59,1,1,0,2
-2.2701227,53.4312294,3859221988505240294,,68718,188890923,63,0,0,0,1
-2.2701284,53.4321282,3871936820706994918,,65672,172512625,29,2,3,0,0
-2.2702254,53.4474085,-4306743170342090010,,34085,46472512,126,0,1,1,0
-2.2704941,53.4896538,-1624075301450651930,,6117,1496726,113,1,0,0,0
-2.2684816,53.4096606,8549456409320922854,,22011,19380933,24,1,0,0,0
-2.2686687,53.4393224,7932443612553640678,,46885,87930248,75,0,1,0,1
-2.2687368,53.4501084,3602646261540043494,,32038,41058687,154,1,0,0,0
-2.2688221,53.463591,-128128221731266842,,21094,17798838,108,0,0,1,0
-2.2671577,53.4384269,4136874467411105510,,47483,90188476,87,0,1,1,0
-2.2673046,53.4617967,-6792843902305821978,,23178,21489110,30,0,1,0,0
-2.2655627,53.4240488,-1222251125867362586,,58039,134745513,56,1,0,0,0
-2.2655851,53.4276442,1410803942446144230,,58030,134703030,76,0,0,1,1
-2.265658,53.4393291,-9022927791816162586,,44400,78854872,39,1,1,0,0
-2.2657366,53.4519129,-2566786252661553434,,31288,39159446,85,0,1,0,0
-2.2657422,53.4528117,-5554478448805780762,,30538,37303611,77,0,1,0,0
-2.2657703,53.4573059,-4893425533842394394,,27035,29236643,163,0,0,2,0
-2.2658827,53.4752826,-4731661565919947034,,15142,9171481,173,0,0,1,1
-2.2640411,53.4213556,-2287196320567020826,,40405,65303899,92,0,1,0,0
-2.2640579,53.4240521,-9012056442493736218,,45868,84156581,82,1,0,0,0
-2.2641694,53.442029,8397302619339649766,,39564,62613860,109,1,0,0,0
-2.2641973,53.4465232,2507985112781929190,,35582,50644806,65,0,1,1,1
-2.2642252,53.4510174,786919756375283430,,31935,40793966,139,2,0,0,0
-2.2643538,53.4716906,-208910411438819610,,17913,12836140,218,2,0,0,0
-2.2626973,53.4474253,-2295204125105538330,,33837,45800215,243,1,1,1,0
-2.2627417,53.454616,5736598282764537574,,29079,33824606,133,0,1,2,1
-2.2627528,53.4564137,-5521862887262101786,,27925,31193544,49,0,1,0,0
-2.2628195,53.4671998,-6846243000325391642,,21144,17883187,26,1,0,0,1
-2.262825,53.4680986,4896765580787158758,,20581,16944426,41,0,0,1,1
-2.2628639,53.4743904,3331536812864912102,,16651,11090383,286,1,0,0,0
-2.2628862,53.4779858,1883520577511245542,,14436,8336633,193,1,1,0,0
-2.2631479,53.5202308,3262583419974726374,,409,6709,129,0,1,0,0
-2.2991042,53.4859902,-5730705766332975386,,729,21264,157,0,0,1,0
-2.2610317,53.4213622,-5735252502786714906,,21161,17911851,85,0,0,0,1
-2.261164,53.4429344,-8828416249273709850,,34577,47824207,63,1,0,0,0
-2.2611861,53.4465298,6578398253306949350,,32904,43308725,76,1,0,0,0
-2.2612579,53.4582147,-6938707162052950298,,26587,28275301,161,2,1,2,1
-2.2612966,53.4645065,-3548770061307568410,,22947,21063800,145,1,0,0,0
-2.2613463,53.4725961,-5894874084097831194,,18065,13055125,687,2,1,2,0
-2.2959024,53.4590327,8409919432555010790,,2643,279554,50,0,0,1,0
-2.2596586,53.4429377,-6280778974835227930,,31972,40888845,28,0,1,0,0
-2.2597629,53.4600157,3715407115861762790,,25237,25476255,124,0,0,1,1
-2.2597848,53.463611,153141434820433638,,23353,21815866,73,0,0,1,0
-2.2597958,53.4654087,8198938661003606758,,22372,20020500,186,1,0,0,0
-2.2973079,53.4446476,7787852135565374182,,2349,220755,60,0,0,1,0
-2.2601204,53.5184398,-3455784615447289114,,571,13080,8,1,0,0,0
-2.2580386,53.4240653,6490642147098196710,,14819,8784322,18,0,0,1,0
-2.2581476,53.4420421,-3234324659832059162,,29145,33977846,51,0,0,0,1
-2.2955527,53.4086977,5536634503046775526,,252,2560,62,0,1,0,0
-2.2961153,53.489593,-3310759555478010138,,823,27120,78,0,1,0,0
-2.2566476,53.4429442,-4205185386415289626,,26277,27620561,38,2,0,0,1
-2.2567073,53.4528315,7956012417635956454,,25960,26957398,103,1,0,1,0
-2.2567996,53.4681117,-3976977318342767898,,20462,16748234,134,0,0,1,1
-2.2569191,53.4878861,-5804769129618789658,,9575,3667500,141,0,0,1,0
-2.2552878,53.4672161,-1171805951994118426,,20418,16677319,105,2,0,0,0
-2.2552986,53.4690138,-8182759205304930586,,19627,15409247,165,0,0,0,1
-2.2553418,53.4762045,-4078304350102842650,,16022,10269309,226,0,0,0,1
-2.2554066,53.4869905,-5341521459159898394,,10102,4082152,170,0,1,0,0
-2.2554986,53.5022706,691493832329599718,,3532,499090,83,0,0,0,1
-2.2941043,53.416791,-6793811220095350042,,2458,241740,68,0,1,0,0
-2.2926183,53.4194912,-8533885198498919706,,5039,1015691,37,1,0,0,0
-2.2537064,53.4546356,-8163349853172640026,,22568,20373495,136,1,1,1,0
-2.2538513,53.4789042,6594826366007773926,,14387,8279451,245,0,1,0,1
-2.2850229,53.4087234,409476000844406502,,112535,506573227,70,1,1,0,3
-2.2837461,53.4428829,-8105822237240065306,,16855,11364815,81,0,0,1,0
-2.2521525,53.4465492,-6492359904638345498,,19421,15087059,72,1,0,0,0
-2.2522218,53.4582341,1707913742408567526,,20843,17377954,136,1,0,0,0
-2.2880739,53.415008,-8805924310384728346,,23799,22655768,49,0,0,2,1
-2.2884942,53.4770278,-1376800407704226074,,3556,505886,98,0,0,1,0
-2.2507052,53.4564396,680515521914214118,,19353,14983032,86,0,1,0,0
-2.2510184,53.5094709,6992550889796226790,,1848,136688,282,1,0,0,0
-2.2820262,53.4105282,-6993816095967597850,,441948,2147483647,78,3,5,5,6
-2.2820381,53.4123259,4521266347863023334,,297529,2147483647,102,5,3,8,3
-2.2820441,53.4132247,5068586746212902630,,250384,2147483647,82,1,3,3,2
-2.282187,53.4347969,-5967112764018907418,,29131,33945098,63,0,1,0,0
-2.2824257,53.4707504,2743050062367795942,,7737,2394736,238,0,0,1,1
-2.2865815,53.4168093,-7354990357956311322,,39322,61851036,85,0,1,0,0
-2.2867329,53.4392803,6693215526986368742,,13214,6985385,148,0,0,1,0
-2.2805101,53.408734,3803755351891643110,,1263788,2147483647,58,5,6,5,11
-2.2805337,53.4123294,6286779909240819430,,434805,2147483647,35,2,0,1,1
-2.2806878,53.4356993,-7932563451538482458,,32669,42692346,81,1,0,0,0
-2.2807056,53.4383958,3864041440458894054,,28239,31897733,165,0,0,1,1
-2.2807174,53.4401935,-9188406391547173146,,25843,26715470,111,0,1,0,0
-2.2492414,53.4636335,6950493433909664486,,17781,12646649,128,0,1,0,0
-2.2493574,53.4834079,-5956914957622670618,,11333,5137906,341,0,2,0,1
-2.2475259,53.427683,-7128910767788945690,,2853,325616,258,0,0,0,1
-2.2476357,53.4465587,-5543172652556741914,,13010,6771403,99,0,0,1,0
-2.2476828,53.4546482,7802472888363290342,,15789,9972922,103,3,0,0,0
-2.247688,53.4555471,1775538202596283110,,15979,10213502,108,1,1,0,0
-2.2850529,53.4132176,-7291662867618131226,,87232,304379129,79,0,1,2,0
-2.2792238,53.4419947,-5111024067496212762,,27136,29455948,80,0,1,0,0
-2.2795428,53.4905318,8169262503033626342,,3455,477607,86,1,0,0,0
-2.2835605,53.4150188,-3273877110427585818,,121981,595183776,83,1,3,2,0
-2.2837641,53.4455794,966883350509288166,,15275,9334000,135,0,0,1,0
-2.2775015,53.4087411,5363137156921495270,,1159347,2147483647,63,6,3,10,7
-2.2776656,53.4339087,401512533336626918,,47582,90562544,84,2,0,0,0
-2.2776715,53.4348075,-8044260108193429786,,44940,80785586,63,0,1,0,0
-2.2777184,53.4419982,-6118395762681905434,,30446,37080338,89,0,1,0,0
-2.2777888,53.4527843,-2752810600966131994,,19812,15701744,74,0,1,0,1
-2.2820143,53.4087305,-6319005833060257050,,719807,2147483647,80,8,5,9,3
-2.28205,53.4141236,7887452235174273766,,213572,1824528440,55,2,4,0,1
-2.2822168,53.4392911,-6185887513084434714,,23143,21424262,118,0,1,2,0
-2.2805456,53.4141271,2483096042101986022,,297989,2147483647,55,1,1,3,1
-2.2807471,53.4446877,3080107494653491942,,21223,18017374,56,1,0,0,0
-2.246255,53.4681339,2815309418826743526,,15026,9031928,132,1,0,0,1
-2.2790117,53.4096364,3222282463000109798,,1101147,1256429486,39,5,0,4,1
-2.2760147,53.4114411,-3066518883296056602,,530942,2147483647,63,3,3,6,2
-2.2761604,53.4339121,-4823199879787986202,,52457,110073551,78,0,1,1,0
-2.2762772,53.4518889,-2226605164698527002,,22495,20241164,104,0,1,1,0
-2.2762947,53.4545854,884192148793237222,,20477,16773904,103,0,0,0,2
-2.2764232,53.4743598,852177904381383398,,10106,4085769,75,1,0,0,0
-2.2775191,53.4114376,-5015170962975180058,,656198,43991109,48,4,1,3,1
-2.2775367,53.4141341,-4454020003751536922,,392426,1864989522,6,0,0,1,0
-2.2779357,53.4752551,2649309583931909862,,8869,3146370,76,0,0,0,1
-2.2780063,53.4860411,-1513498216835834138,,5101,1040855,219,1,0,0,0
-2.2746553,53.4339156,-1557298178968487194,,56381,127154228,56,0,0,1,0
-2.2746727,53.4366121,-8671516106816580890,,48040,92317439,152,1,0,2,2
-2.2746901,53.4393087,-3813540227619304730,,41554,69070752,142,1,1,0,2
-2.2747598,53.4500947,1912648101854110438,,26100,27248865,148,0,1,1,0
-2.2748062,53.4572854,2615126169335965414,,20332,16536548,53,0,1,0,0
-2.2748876,53.4698691,-1617487231898611994,,13163,6931381,64,0,0,0,1
-2.2748934,53.470768,-2262167203381669146,,12719,6471299,303,2,0,0,0
-2.2446452,53.4501602,5920712566810577638,,11067,4899537,72,0,0,0,1
-2.2446762,53.4555533,2168440952435673830,,12827,6581438,182,2,0,1,0
-2.2446917,53.4582498,5467269354677257958,,13439,7224582,51,0,0,0,1
-2.2448418,53.4843161,8774328995616550630,,9779,3825753,125,1,1,0,0
-2.2449455,53.5022927,-7500433394827185434,,3398,461891,111,1,0,0,0
-2.2760089,53.4105423,51677131423877862,,590417,1058834487,65,3,4,4,3
-2.2762305,53.4446982,-8917608695507056922,,29750,35404501,125,0,0,0,1
-2.2762655,53.4500912,7536084731400424166,,24011,23061448,86,0,0,0,2
-2.2749341,53.4770598,8639579862161256166,,9773,3820584,73,0,0,2,0
-2.2750679,53.4977329,-7785464912120098074,,2665,284240,92,1,0,0,0
-2.274522,53.4132423,365457881041660646,,329816,56191465,61,2,4,0,0
-2.2746495,53.4330168,-396033011914754330,,59687,142501829,76,0,1,1,0
-2.2746785,53.437511,-3547398808570075418,,45700,83542039,54,1,0,0,0
-2.2747307,53.4456005,-5145503747491841306,,31103,38696496,55,0,0,0,1
-2.2748295,53.4608808,5708482327287143142,,18040,13018102,194,1,0,0,0
-2.243011,53.4276923,1579437725778467558,,1190,56699,124,1,0,0,0
-2.2432577,53.4708366,-2958332899036804378,,12676,6427315,377,1,0,2,0
-2.2731386,53.4321214,-1820104726183334170,,65894,173683375,68,0,1,1,0
-2.2731444,53.4330202,5001996401062792934,,62338,155444355,56,0,1,1,0
-2.2733927,53.4716702,6071504796879255270,,13263,7036588,201,0,0,0,1
-2.2729887,53.4087515,-5242367923424937242,,148297,879686595,58,0,1,1,0
-2.271473,53.4069572,1471869860922582758,,28807,33194211,10,0,1,0,0
-2.2714787,53.4078561,7375910396340186854,,46158,85224525,58,0,0,0,1
-2.2715991,53.4267318,3268129550046064358,,92262,340491669,10,0,0,1,0
-2.2716163,53.4294283,9124723498899170022,,78146,244277975,65,2,1,0,0
-2.2716278,53.431226,5268189562357836518,,70240,197347978,73,2,0,0,0
-2.2716335,53.4321248,-1705584502937914650,,66691,177912858,79,0,1,0,0
-2.2716794,53.4393156,-7849151591177891098,,45899,84272129,100,0,0,1,0
-2.2716909,53.4411132,405693282628759270,,42286,71526977,89,0,1,0,0
-2.271823,53.4617865,-8061922295749869850,,20141,16227667,168,1,0,0,0
-2.2415622,53.4375826,-1843965391292332314,,3411,465632,118,1,1,0,1
-2.2417308,53.4672443,2454071244849789670,,11819,5587592,103,1,0,0,0
-2.2732021,53.4420086,-4816411199396185370,,38820,60279971,86,1,0,1,0
-2.2734216,53.4761644,3127266328178211558,,11002,4841985,90,1,0,0,0
-2.2736996,53.5193083,-1299972487308810522,,277,3083,168,0,1,0,0
-2.2714845,53.4087549,-889258920269656346,,67161,180425008,29,0,0,0,1
-2.271645,53.4339225,-3949150475835928858,,60323,145558231,12,0,0,1,0
-2.2717139,53.4447086,8519283858213028582,,36334,52808660,66,1,0,0,0
-2.2717885,53.4563935,149029186118536934,,24004,23047959,120,0,0,0,1
-2.2717943,53.4572923,-1093656191216545050,,23311,21737757,124,0,2,0,0
-2.2701113,53.4294317,4504623245995872998,,75322,226939875,55,1,0,0,0
-2.2702826,53.4563969,9222997280806109926,,25284,25571482,115,0,0,0,1
-2.2401483,53.4537648,8895825883031953126,,8211,2697413,132,0,1,0,0
-2.2701741,53.439319,2103850637119775462,,46841,87763590,104,0,1,0,0
-2.2702197,53.4465097,-7928146769076100378,,35207,49582872,79,1,0,2,0
-2.270294,53.4581946,8567541728416232166,,23885,22821579,90,1,0,0,0
-2.2686574,53.4375247,852489970134513382,,50350,101408316,125,2,1,0,0
-2.2686744,53.4402212,-1857391977896770842,,45281,82015186,46,0,0,2,1
-2.2686857,53.4420189,-7794366501935088922,,42310,71605913,96,2,0,0,0
-2.2687652,53.4546026,-4479237377791939866,,27837,30996409,80,1,1,0,0
-2.2687993,53.4599956,-6844127333671108890,,23605,22289588,187,0,1,0,0
-2.2684929,53.4114583,2593874500527088358,,39121,61220472,57,0,0,1,0
-2.2686971,53.4438166,3474234079185611494,,39627,62813949,82,0,1,0,0
-2.2687709,53.4555015,-6022870789162994970,,27081,29335766,86,0,1,2,0
-2.2670844,53.426742,-1270763340813614362,,68601,188248656,65,1,0,0,0
-2.26709,53.4276408,262638317323251430,,67195,180610092,61,0,0,1,0
-2.2670957,53.4285397,-7479870971964533018,,65655,172427650,56,0,1,1,0
-2.2671521,53.4375281,6747487253573519078,,48972,95933378,86,0,1,0,1
-2.2672198,53.4483141,3010919301694557926,,34465,47514744,128,1,1,0,0
-2.267282,53.4582014,-1502728761494109466,,25780,26585055,153,0,2,0,1
-2.2672933,53.459999,512114857271416550,,24455,23922293,189,0,1,0,0
-2.2673272,53.465392,-3451863251451083034,,20736,17199638,48,1,0,0,0
-2.2658659,53.4725861,6362185516653551334,,16807,11299420,173,0,1,0,0
-2.2661643,53.5202242,-5779590516373146906,,363,5285,185,0,1,0,0
-2.2671182,53.432135,-6186120769819027738,,58861,138587906,68,0,0,2,0
-2.2671634,53.4393257,8503882050047139558,,46048,84819571,75,1,0,0,0
-2.2671747,53.4411234,-8915562401775263002,,43340,75135270,50,0,0,1,1
-2.2672255,53.449213,-1321299184120793370,,33540,44999780,99,0,0,2,0
-2.2372469,53.4735452,-4889994922595223834,,8784,3086853,246,0,0,1,0
-2.2656805,53.4429245,-7439136603993783578,,40095,64305849,122,1,0,1,1
-2.2657198,53.4492163,4001116311846653670,,33664,45331406,56,2,0,0,0
-2.265731,53.451014,2260055268813584102,,32059,41111221,47,0,1,0,0
-2.2657535,53.4546094,-8249707509341391130,,29091,33851958,143,0,0,0,1
-2.2657647,53.456407,4720453486879924966,,27707,30707373,116,1,2,0,0
-2.2657759,53.4582047,6540714604993208038,,26375,27827660,57,1,0,0,0
-2.2659728,53.4896639,-4665999332003597594,,7260,2108723,55,1,0,0,0
-2.2640802,53.4276475,-2070236683353245978,,48854,95472314,85,1,1,0,1
-2.2642197,53.4501185,6154430247194206950,,32637,42608113,101,1,0,0,0
-2.2643649,53.4734883,-6007392017354586394,,16785,11269669,126,2,1,0,0
-2.2625752,53.4276508,-8455148509738801434,,40206,64662218,56,1,0,0,1
-2.2626196,53.4348416,2049471060515424998,,41345,68378947,77,0,1,1,0
-2.2626917,53.4465265,-947960039344472346,,34446,47462483,67,0,1,0,0
-2.2627084,53.449223,-163503776160216346,,32627,42580942,98,0,0,2,1
-2.2629084,53.4815811,6574844515683935974,,12284,6036740,5,0,0,0,1
-2.2629307,53.4851764,4622226918486221542,,10237,4191934,36,0,1,0,0
-2.2342982,53.4852361,-6631391420396126490,,5950,1416288,51,1,1,0,0
-2.2625586,53.4249543,-2149074623858105626,,36970,54673572,66,0,1,2,1
-2.261153,53.4411368,-2304959129149361434,,35291,49820912,88,1,2,0,0
-2.2611585,53.4420356,940649550693623526,,34947,48854502,78,0,0,0,1
-2.2612137,53.451024,3902314102044867302,,30567,37374177,111,2,1,0,0
-2.2612192,53.4519228,3765792044417202918,,30081,36196690,84,1,0,0,0
-2.2612358,53.4546193,8853616955023384294,,28602,32724875,107,0,1,1,1
-2.2612689,53.4600124,3465488899616844518,,25562,26137158,133,0,1,1,0
-2.2613021,53.4654054,-2902947846878166298,,22415,20098347,241,1,0,0,0
-2.2325452,53.4402971,1984879148321261286,,1171,54889,114,0,1,0,0
-2.2325993,53.4501843,-6423252059148564762,,2940,345829,211,0,0,1,0
-2.2327124,53.4708576,-2653063054882584858,,6336,1605982,29,1,0,0,0
-2.2626473,53.4393358,-3131170406270583066,,39161,61346364,81,1,0,0,0
-2.2627472,53.4555149,-4548301921538814234,,28500,32492129,96,0,0,1,0
-2.2627639,53.4582114,9160718442913328870,,26782,28692762,200,0,0,0,1
-2.2628528,53.4725928,-8186845054430958874,,17770,12631961,368,0,1,0,1
-2.2597409,53.4564203,6023377778540840678,,27002,29166310,112,0,0,2,0
-2.2599112,53.4842842,4091027335395737318,,11279,5088726,114,0,0,1,0
-2.2611199,53.4357437,-5208235230458460442,,36486,53249962,64,0,0,0,1
-2.2611916,53.4474286,1858027157736379110,,32452,42127620,200,1,0,0,0
-2.2612745,53.4609112,-8516724301628638490,,25045,25090908,59,0,0,0,1
-2.2613131,53.4672031,-2522034599066519834,,21342,18220403,271,1,1,0,1
-2.2580332,53.4231665,-6514359085689310490,,13403,7186419,35,0,1,0,0
-2.2582022,53.4510305,-6969419558405828890,,27937,31219073,168,0,0,0,1
-2.2582349,53.4564236,7042998942685363942,,26154,27363261,58,0,1,0,0
-2.2582786,53.4636143,-8049644589488650522,,23030,21215932,102,0,0,1,0
-2.2583223,53.470805,-2506701856720982298,,19267,14849465,155,0,0,1,1
-2.2583387,53.4735015,3693057442702864102,,17738,12585798,295,2,1,1,0
-2.2584098,53.4851863,-215482616802944282,,10940,4787537,64,0,0,1,0
-2.2312157,53.4726582,7281941827309597414,,5679,1290212,162,1,1,0,0
-2.2312842,53.4852419,-2591183212341335322,,4946,978782,194,0,0,2,0
-2.2596531,53.4420389,4976232773347942118,,32133,41302636,47,0,1,0,0
-2.2597464,53.4573191,-2657098409079133466,,26573,28245546,47,1,0,2,0
-2.2581913,53.4492329,-2942692197550525722,,28390,32240312,45,0,0,1,0
-2.2582186,53.4537271,-1321051784243774746,,27117,29413510,114,2,0,0,0
-2.2583278,53.4717038,-8060254258082868506,,18763,14082401,77,1,0,2,0
-2.2584371,53.4896805,7832486888062419686,,8525,2907648,206,0,1,0,0
-2.2552338,53.4582277,192959906406611686,,23448,21993197,122,0,0,1,2
-2.2553958,53.4851928,-6233705349204904218,,11070,4902451,371,0,0,0,1
-2.2566964,53.4510338,3483154076990266086,,26271,27606706,85,0,0,1,0
-2.2567724,53.4636175,-2459776118416057626,,22517,20281669,128,1,0,0,1
-2.2567887,53.466314,-7983219759458001178,,21320,18182011,169,0,1,1,1
-2.2570061,53.5022674,-5646115835090148634,,3470,481912,57,0,0,1,0
-2.2537922,53.469017,-2687937482816680218,,19097,14588974,43,0,1,1,0
-2.2538835,53.4842972,-8230560050219768090,,11507,5297169,398,1,0,1,0
-2.2551853,53.4501382,-977342553841923354,,24458,23929465,100,1,0,0,0
-2.2553904,53.484294,-6516889463035597082,,11562,5347596,175,0,2,0,0
-2.2554174,53.4887881,-1589556929335051546,,9160,3356709,59,1,0,0,0
-2.2555256,53.5067648,4615720341130532582,,2341,219322,223,0,0,1,0
-2.2522165,53.4573353,-4335794914368000282,,20898,17469987,26,0,1,0,0
-2.2523819,53.4851992,-7821701272676798746,,10918,4768160,268,0,0,0,2
-2.2536313,53.4420518,4868858221494073062,,20197,16317086,96,1,0,1,0
-2.2536742,53.4492425,-6646689016269980954,,22324,19934978,99,0,0,1,0
-2.2536795,53.4501414,5028887103000397542,,22437,20137571,35,0,1,0,0
-2.2537385,53.4600286,-5487210502719706394,,21883,19156150,71,0,0,0,1
-2.253862,53.4807018,4032031482906469094,,13433,7217888,453,0,1,0,2
-2.2539103,53.4887913,-3206304228323926298,,9161,3356956,90,1,0,0,0
-2.2506204,53.4420582,-6158529885436765466,,14992,8991204,100,0,0,2,0
-2.2507476,53.4636303,3596753947531118310,,18940,14349610,91,0,0,0,1
-2.2507635,53.4663268,6475836145056349926,,18401,13544010,122,0,0,1,0
-2.2521578,53.4474481,-7464237364225688858,,19708,15537770,125,0,0,1,0
-2.2521685,53.4492457,2409144714555855590,,20189,16304469,110,0,1,0,0
-2.2525476,53.513063,-2707826046949617946,,1251,62621,117,0,0,1,0
-2.2491834,53.4537463,4820865693579808486,,17313,11990591,20,1,0,0,0
-2.249273,53.4690265,3160236101853132518,,16818,11314571,113,1,0,0,0
-2.2207167,53.4816666,3071424412547860198,,2259,204290,221,0,1,0,0
-2.2507105,53.4573385,4992932742214551270,,19389,15038369,115,0,1,0,0
-2.2507423,53.4627315,-7917155541571528986,,19076,14555946,166,0,0,0,1
-2.247798,53.4744227,1001503300707430118,,14470,8376212,551,0,0,1,1
-2.2191032,53.4609961,-2303393508280157466,,1119,50159,115,0,0,1,0
-2.2490466,53.4303764,-1266090373574905114,,5359,1148868,230,0,1,0,0
-2.2492994,53.4735207,4840897166371152614,,15469,9572525,370,1,1,2,1
-2.2495264,53.5121705,7997445567014577894,,1395,77913,115,0,0,1,0
-2.2461873,53.456449,2055551608919759590,,14570,8491992,63,0,1,0,0
-2.2477299,53.4627378,432052991264108262,,16598,11020923,210,2,0,0,0
-2.2160316,53.4493166,-7461272675873551642,,275,3029,37,1,0,0,0
-2.2461405,53.4483595,-2546510291831301402,,11987,5747877,11,0,1,0,0
-2.246474,53.505885,337999263450757862,,2556,261331,83,0,0,0,1
-2.2419662,53.5085907,6826386452399679206,,1854,137613,66,0,0,0,1
-2.2449403,53.5013939,5967660452918800102,,3648,532393,125,0,1,0,0
-2.213214,53.4879721,-1456171706901148954,,994,39595,133,1,0,0,0
-2.2430983,53.4429726,-3181055574372069658,,6569,1726181,102,0,0,0,1
-2.2432217,53.4645447,5879958657028263654,,12880,6636449,78,0,0,1,0
-2.2435256,53.5175759,-2845560292210531610,,728,21236,87,1,0,0,0
-2.2403566,53.4906171,8413217542341649126,,6388,1632637,741,1,2,0,0
-2.2403617,53.4915159,-5646259602430042394,,6109,1493092,286,1,0,0,0
-2.2417257,53.4663455,-4918345052808375578,,11798,5567824,79,0,1,0,0
-2.2417666,53.4735362,6181044758576915174,,11402,5200856,811,1,0,2,2
-2.241915,53.4996024,-5307129378243569946,,3906,610322,192,1,0,0,0
-2.2389557,53.5094956,-8327860183878163738,,1583,100351,229,0,1,0,0
-2.2402295,53.4681462,-1867595789181558042,,10766,4636358,266,0,0,0,1
-2.2387231,53.4681492,8149675673867312870,,9743,3797816,558,0,0,1,0
-2.2387534,53.4735422,8923439282830436070,,9642,3719178,194,0,0,0,1
-2.2357603,53.4771436,2718124728853813990,,7728,2389181,48,1,0,0,0
-2.2342536,53.4771465,-9015753689935989018,,7008,1964698,205,0,0,2,0
-2.2359,53.5023109,9007601705938242278,,2631,277073,158,0,1,0,0
-2.2327617,53.479846,7782872228309412582,,6121,1498693,104,0,0,1,0
-2.2313773,53.5023198,-930419529239518490,,2147,184458,121,0,0,1,0
-2.2326239,53.4546785,-8559087933587131674,,3900,608404,161,0,1,0,0
-2.2266099,53.4564878,6184807769558372070,,2150,185052,169,1,0,0,0
-2.2298162,53.4924355,-6101046763825167642,,3485,485934,112,0,0,1,0
-2.2254616,53.5239033,-5448723969128637722,,187,1413,58,0,0,0,1
-2.2266626,53.466375,-254817631341122842,,3373,455121,139,0,0,1,0
-2.2269026,53.5113168,64611420420070118,,810,26305,55,0,0,1,0
-2.2207027,53.4789701,3333559694201947878,,2271,206468,291,0,0,1,0
-2.2055612,53.4637167,-447046511361940762,,208,1737,122,0,0,1,0
-2.1981097,53.4808074,1715000347633226470,,149,888,56,0,0,0,1
-2.2925997,53.4167947,-7356423982893709594,,4338,753060,61,1,0,0,0
-2.2926121,53.4185924,7261055444540640998,,4839,936875,81,0,0,0,1
-2.2927913,53.4446587,-1450127311273989402,,4830,933380,42,0,1,0,0
-2.2928965,53.459939,7122948769543405286,,3791,575064,71,0,0,0,1
-2.2931072,53.4904993,3243563880569167590,,1070,45869,87,1,0,0,0
-2.2896029,53.4185997,6770078212719731430,,13614,7414023,89,0,0,0,1
-2.2880435,53.4105138,-3849554264315795738,,19630,15414199,88,1,0,0,0
-2.2850289,53.4096222,3333036380710774502,,111222,494814779,91,2,0,1,3
-2.285071,53.4159141,7609748759723276006,,68938,190098425,45,0,1,1,0
-2.2835126,53.4078281,-6821609640677653786,,347167,526037252,11,2,0,0,1
-2.2835425,53.4123223,4092111883932151526,,176337,1243793499,82,0,4,0,1
-2.2837521,53.4437817,5518598489355799270,,16296,10623090,87,0,0,0,1
-2.2820084,53.4078317,7333750788004378342,,963408,2147483647,15,1,0,5,1
-2.2822109,53.4383923,-5048163023474009370,,24153,23335347,85,0,0,0,1
-2.2822526,53.4446841,5967166358792490726,,18420,13573124,135,1,0,1,0
-2.2822765,53.4482795,5898746799275918054,,16157,10442220,86,0,0,0,1
-2.2805041,53.4078352,4332814010222559974,,1855999,350460709,39,6,7,8,7
-2.2805219,53.4105317,-6015351269025639706,,691837,1965701141,53,2,2,5,5
-2.2806996,53.437497,2464739337659654886,,29591,35027038,118,0,1,0,0
-2.2791649,53.4330063,7451149983005605606,,44634,79689455,61,1,1,0,0
-2.2794128,53.4707575,-2897801374846538010,,9652,3726993,90,0,0,1,0
-2.2795961,53.4986213,-4943036653321094426,,1847,136579,199,1,0,0,0
-2.2776597,53.4330098,3365870502216338150,,50490,101969604,51,1,0,0,0
-2.277736,53.4446947,6817225665996892902,,26983,29124226,101,1,1,0,0
-2.2777477,53.4464924,1694254426441431782,,25042,25084991,103,0,0,1,0
-2.2777536,53.4473912,3401136704999442150,,24161,23351271,120,0,0,1,0
-2.2777947,53.4536831,-8943107289932849434,,19207,14757010,60,1,0,0,0
-2.2778064,53.4554808,2357837384917331686,,18071,13063761,98,0,1,0,0
-2.2778123,53.4563796,-8601682839641044250,,17536,12301714,101,1,1,0,0
-2.2759856,53.4069469,-2205655814230337818,,559780,2147483647,3,1,0,0,0
-2.2759914,53.4078457,4777511861683042022,,649873,2147483647,87,7,5,6,4
-2.2762013,53.440204,9110268804319643366,,36664,53771284,178,0,1,0,0
-2.2762188,53.4429005,-5041047851360405786,,32217,41519492,149,1,1,0,0
-2.2764408,53.4770563,6631617892506070758,,8974,3221901,88,0,1,0,0
-2.2746669,53.4357133,1854218814845587174,,50585,102355180,118,0,2,0,0
-2.2731848,53.4393121,3644858016702421734,,44105,77810431,103,0,1,1,0
-2.2732309,53.4465028,5193039806807219942,,32097,41208885,75,0,1,0,0
-2.2735489,53.4959387,-6355902470773154074,,3356,450535,168,0,2,0,0
-2.2716048,53.4276306,-1766416173655746842,,87239,304430326,58,0,2,0,0
-2.2716679,53.4375179,5003222950860179174,,50044,100176172,181,0,0,2,0
-2.2717598,53.4518993,-7152625772941876506,,27878,31088396,79,2,0,0,1
-2.271777,53.4545958,3342321746022200038,,25463,25935364,111,0,0,1,0
-2.2717828,53.4554946,1248677751392405222,,24720,24444129,92,0,0,0,1
-2.2699916,53.410556,-7559990922938914074,,57751,133407223,34,0,0,1,0
-2.2701056,53.4285329,-3531350171022767386,,78875,248851944,65,1,0,0,0
-2.2701569,53.4366224,4052061087619699430,,52852,111734519,20,0,0,0,1
-2.2703111,53.4608911,4864329931833854694,,21927,19232983,146,1,0,0,0
-2.3018564,53.4491304,5655030411740340966,,1136,51623,106,1,0,0,0
-2.2895723,53.4141055,-2454571912481394970,,12349,6100450,54,0,0,1,0
-2.2882747,53.4446697,-8951383340615403802,,9172,3365610,87,0,1,0,0
-2.2865453,53.4114163,213093448322459366,,46981,88291679,71,0,2,1,0
-2.2865755,53.4159105,-4282506801400496410,,41189,67863080,68,0,0,0,1
-2.2850349,53.410521,5117054361211375334,,106762,455929323,100,3,0,0,1
-2.2852215,53.4383851,8313083513856906982,,16769,11248971,145,2,0,1,1
-2.2852335,53.4401828,-7436438440459991322,,15624,9765449,61,0,0,0,1
-2.2835485,53.4132212,3969861542643270374,,155048,961602021,54,1,0,0,0
-2.2837162,53.4383887,7017646126747674342,,20295,16476274,105,0,0,1,0
-2.2838121,53.4527701,-3762182560877848858,,12117,5873555,88,0,1,0,0
-2.2806937,53.4365981,-4540313691170691354,,31063,38598770,113,0,0,1,1
-2.2807293,53.4419912,2735796126523288294,,23792,22643736,140,0,0,0,1
-2.2807352,53.44289,7631212488994436838,,22875,20932067,54,0,0,1,1
-2.2807945,53.4518784,-5288027510274852122,,16315,10647486,58,0,0,0,1
-2.2809489,53.4752481,-2742822319758027034,,7224,2087670,62,0,0,0,1
-2.279159,53.4321075,-9044881486293306650,,47436,90010150,50,0,1,0,0
-2.2791884,53.4366017,-6235169724405933338,,35772,51187699,119,1,0,0,0
-2.2792651,53.4482866,-6769672757695868186,,20907,17484551,135,0,0,0,1
-2.2793301,53.4581738,5031304472671886054,,14898,8878097,63,0,1,0,0
-2.2794009,53.4689598,9042882767175489254,,10329,4268050,110,0,0,1,0
-2.2794187,53.4716563,-145638572820509978,,9320,3474941,4,1,0,0,0
-2.2775308,53.4132353,-5149174110885967130,,461527,2147483647,56,5,1,3,3
-2.277648,53.4312121,1227214242440264422,,57248,131093835,76,0,1,0,0
-2.2776539,53.432111,6695401924199279334,,53698,115340791,86,1,0,1,0
-2.2760264,53.4132388,-7356249526671361306,,417069,2147483647,61,3,0,3,0
-2.2761546,53.4330133,2383885469390545638,,55634,123806240,65,0,1,0,0
-2.2746379,53.4312191,-6661857503448317210,,67279,181058982,60,0,0,0,1
-2.2746843,53.4384098,1970624787746293478,,43544,75845514,59,0,1,0,0
-2.2747481,53.448297,-848017074998619418,,27928,31199404,113,1,0,1,0
-2.2747656,53.4509936,851610594382067430,,25257,25517758,104,0,1,2,0
-2.2752136,53.5202036,-3669972418918069530,,223,1992,78,0,0,0,1
-2.2729945,53.4096503,2502485987015978726,,182610,1333867901,36,1,1,1,2
-2.2732194,53.4447051,-930591515113294106,,34529,47690212,66,0,0,0,1
-2.2734101,53.4743668,6516326059052453606,,11888,5653342,99,1,1,0,0
-2.273659,53.5130165,4845803557994182374,,621,15442,68,0,0,0,1
-2.2715017,53.4114515,2607368371861881574,,129328,669037222,58,1,0,3,0
-2.2716852,53.4402144,6530072751043307238,,44032,77553308,95,2,0,0,0
-2.2717024,53.4429109,2182803760216143590,,39122,61221802,99,0,0,0,1
-2.2717426,53.4492028,3731953173108518630,,30642,37558159,78,0,0,0,1
-2.2703226,53.4626888,-5342477990709923098,,20696,17133204,73,0,2,1,0
-2.2686177,53.4312328,5929106712768066278,,65391,171039640,54,0,1,0,2
-2.2687141,53.4465131,8849014886642386662,,36071,52045994,56,1,0,0,0
-2.268896,53.4752758,-3260278128467221786,,13836,7657572,67,0,1,0,0
-2.2690155,53.4941513,4030914608141026022,,4777,912919,54,0,1,0,0
-2.2672085,53.4465165,-5363372068425533722,,36423,53065846,80,0,0,0,1
-2.2672311,53.4501118,7813297353197392614,,32650,42641033,97,0,1,0,0
-2.2672481,53.4528083,-7077960370554278170,,30154,36371687,120,0,1,0,0
-2.2672876,53.4591002,6221633269961436902,,25111,25222873,220,0,1,1,0
-2.2673215,53.4644932,-1585521699547750682,,21334,18206895,187,0,0,1,1
-2.2673385,53.4671897,1693714344281361126,,19559,15302274,56,0,1,0,0
-2.2673667,53.4716839,-2755783228135779610,,16713,11174010,138,0,1,0,0
-2.2673894,53.4752792,-6079665074451416346,,14527,8441909,177,0,0,1,0
-2.2655683,53.4249476,307853203205481190,,58485,136821400,94,0,1,0,1
-2.2655795,53.4267453,2602561539043860198,,58435,136589205,63,1,0,0,0
-2.2656187,53.4330372,2968887566554639078,,52589,110625217,68,0,2,2,0
-2.2656861,53.4438233,6695152139869885158,,39091,61125682,47,0,1,1,0
-2.2657085,53.4474187,3289384963845076710,,35365,50027933,213,1,1,3,3
-2.2657984,53.4618001,-4293718806817120538,,23837,22729756,234,1,0,1,1
-2.2640467,53.4222545,-1749838758065709338,,42565,72471170,108,0,1,0,0
-2.2640523,53.4231533,-8927705407691116826,,44383,78796587,82,0,1,1,0
-2.264069,53.4258498,-8208756088474010906,,47903,91788731,76,0,0,2,0
-2.264108,53.4321417,3796949023131756262,,47917,91842245,116,1,2,0,0
-2.2641862,53.4447255,4671994816060926694,,37138,55170914,54,0,1,0,0
-2.2641917,53.4456243,-514675565680443674,,36353,52863937,83,0,1,1,0
-2.2643593,53.4725894,-8022021523900844314,,17348,12038465,153,0,1,0,1
-2.2644265,53.4833755,6679264711306820326,,10871,4727620,304,0,1,0,0
-2.2626695,53.4429311,1268943915973058278,,36872,54383197,28,0,1,0,0
-2.2626862,53.4456276,3977267224124812006,,35056,49157088,38,0,0,1,0
-2.2627139,53.4501218,1666220193117069030,,32026,41027481,107,0,0,1,1
-2.2627861,53.4618067,1114298860440391398,,24519,24047992,283,0,2,0,1
-2.2628695,53.4752893,2842998703478311654,,16093,10360190,490,2,2,3,0
-2.2611972,53.4483275,-170507877429714202,,31991,40939376,93,0,1,1,0
-2.2612248,53.4528217,-9116190489125582106,,29592,35028346,119,0,0,1,1
-2.2614846,53.4950669,-7951475628238710042,,5678,1289888,62,0,1,0,0
-2.2598013,53.4663075,-7981186070251876634,,21872,19135573,286,0,1,0,2
-2.2598453,53.4734982,-3504309550376569114,,17691,12519623,132,0,0,0,2
-2.2598947,53.4815877,-5826741397023602970,,12843,6598437,204,0,1,0,0
-2.2581095,53.4357503,-6594409411172225306,,27524,30304028,52,1,0,0,0
-2.2581313,53.4393456,498756384798701286,,28795,33167205,32,1,0,1,0
-2.2581531,53.442941,-5151860205004775706,,29169,34034741,36,0,1,0,0
-2.2582895,53.4654119,-2560022124097187098,,22141,19609975,125,0,1,0,0
-2.2583059,53.4681085,-1649724789058776346,,20740,17206048,143,0,1,0,0
-2.2567507,53.4600222,-6618180047953789210,,23925,22897404,51,0,1,0,0
-2.2569789,53.4977732,-2553084592314715418,,5006,1002659,114,0,0,1,1
-2.2550075,53.4204764,4889346266604027622,,4404,776150,44,0,0,1,0
-2.2551961,53.4519359,4870738289243847398,,24406,23827783,48,0,0,1,0
-2.2552554,53.4618231,-883406053632905498,,22441,20145234,273,0,2,0,1
-2.2537332,53.4591298,1180709154182036198,,22055,19457661,211,1,0,1,0
-2.2540394,53.5103633,-8129782268592385306,,1654,109508,99,1,0,0,0
-2.2523872,53.486098,1305490327132298982,,10458,4375231,213,0,0,1,0
-2.2506946,53.4546419,5886061130305067750,,19203,14750440,44,1,0,0,0
-2.2508059,53.4735175,2890529023403421414,,16111,10382678,121,1,0,0,1
-2.2492677,53.4681277,547655681331473126,,17032,11603851,107,0,0,1,1
-2.2492941,53.4726218,-7503026198377778458,,15774,9952974,259,0,1,1,0
-2.2493627,53.4843067,3242767463398636262,,10915,4766150,184,1,0,0,0
-2.2494735,53.5031822,206458108638947046,,3316,439931,220,1,0,1,0
-2.2477456,53.4654343,-6524035854039252250,,16429,10797580,128,1,0,1,0
-2.2478138,53.4771192,7782047750853406438,,13539,7332508,384,0,1,0,1
-2.2478715,53.4870063,7938018983203927782,,9400,3534874,789,1,0,4,1
-2.246281,53.4726281,-114605786331484442,,14194,8059739,503,1,1,1,0
-2.2463696,53.4879083,5164665623570095846,,8721,3042503,522,0,0,3,0
-2.2445883,53.440273,-8304408661760650522,,6608,1746720,175,0,0,0,1
-2.2430418,53.4330853,6957310206042220262,,2620,274608,102,0,0,0,1
-2.2431651,53.4546575,5739930672738113254,,11108,4935611,186,0,0,0,1
-2.2432474,53.4690389,4080046100937957094,,12840,6594678,144,0,2,0,0
-2.2419201,53.5005012,-860542534310240538,,3659,535621,177,1,0,0,0
-2.2402041,53.463652,8420902001935208166,,10444,4363889,199,1,0,1,0
-2.240321,53.4843252,8591442245080367846,,8286,2746768,63,0,0,1,0
-2.2404228,53.5023019,6410190910028704486,,3067,376387,95,1,0,0,0
-2.2386222,53.4501724,-4949194335952387354,,5962,1422169,163,1,0,0,0
-2.2386323,53.4519701,-3001702074976093466,,6533,1707707,198,0,0,0,1
-2.2386626,53.4573632,1182691298379235046,,8079,2610853,201,0,1,0,1
-2.238809,53.4834294,-5885008051851832602,,7969,2540792,298,1,0,0,0
-2.2389911,53.5157874,8091205218724295398,,826,27309,151,0,2,0,0
-2.2343131,53.4879326,9115871128966553318,,5438,1182927,535,0,1,1,0
-2.2312598,53.4807478,-5766163884718157082,,5443,1185210,288,1,0,0,0
-2.2297724,53.484346,-4629193656445664538,,4570,835557,90,1,0,0,0
-2.2266818,53.4699704,-2388123360561537306,,3685,543394,59,0,1,0,0
-2.2250278,53.4421092,6096227417914674918,,462,8560,138,0,1,0,0
-2.219094,53.4591984,6890874038582469350,,999,39956,108,0,0,0,1
-2.2162374,53.4897644,-2792484909347443994,,1300,67659,55,0,1,0,0
-2.2148667,53.5167321,-6361866715000012058,,212,1809,120,0,1,0,0
-2.2341001,53.4492825,-7879861645262226714,,3321,441335,146,0,0,0,1
-2.2341248,53.4537767,-8461228321075834138,,4393,771982,189,0,0,1,0
-2.228193,53.4708664,-2655751752636667162,,4307,742263,84,0,0,1,0
-2.2267585,53.4843518,-7263513841843905818,,3662,536506,87,0,0,1,0
-2.2252516,53.4843546,-8995654624244665626,,3251,422839,230,1,0,0,0
-2.22365,53.4663807,-8876717972535231770,,2458,241701,73,0,1,0,0
-2.2236784,53.4717737,-6175970881787630874,,2839,322540,88,1,0,0,0
-2.2221766,53.4726754,-8804160885845071130,,2479,245822,63,0,1,0,0
-2.2206234,53.4636898,-1006670711144248602,,1559,97283,101,1,0,0,0
-2.300573,53.4805934,4863543853623538406,,805,25967,141,1,0,0,0
-2.2973708,53.4536359,1418175452378197734,,2288,209541,69,0,0,0,1
-2.2976098,53.4877916,-6215864953635745050,,780,24341,130,1,0,0,0
-2.2913597,53.4554485,520704181670267622,,4971,988779,78,0,0,1,0
-2.2915446,53.4824135,-1683521265589091610,,2042,166816,104,0,1,0,0
-2.2897435,53.4392731,1413016958100697830,,8460,2862968,22,0,1,0,0
-2.2900254,53.4806195,-1240495061380355354,,2600,270452,251,0,1,0,0
-2.28808,53.4159069,2499403103034559206,,23650,22373255,55,0,1,0,0
-2.2850409,53.4114199,-419860176391547162,,100697,405600371,80,1,1,0,0
-2.2850469,53.4123187,-7159251724399908122,,93998,353429715,110,0,0,1,1
-2.285077,53.4168129,-5364683516991545626,,63766,162645474,23,1,0,0,0
-2.2855533,53.487821,-1562290618259827994,,2605,271453,236,0,0,0,1
-2.2835246,53.4096258,-3868089290279914778,,266807,2147483647,97,4,3,3,4
-2.2835545,53.41412,-604584662048208154,,137128,752169809,81,2,0,1,0
-2.2820203,53.4096293,1639167866308311782,,556253,2147483647,60,3,4,5,5
-2.2821811,53.4338981,8793207819091581670,,30667,37619169,33,0,0,0,1
-2.2823063,53.4527737,1444719510954001126,,13924,7755486,93,0,0,0,1
-2.2805278,53.4114306,-891839692390637850,,541244,2147483647,88,1,5,5,4
-2.2805397,53.4132283,-1703840922334193946,,356807,797501446,106,6,5,5,4
-2.2807589,53.4464854,276035552728905446,,19775,15643166,94,0,0,1,0
-2.2791943,53.4375005,5923224951334282982,,34018,46289225,166,0,1,1,0
-2.279212,53.440197,1801065680850968294,,29563,34961061,46,0,1,0,0
-2.2792533,53.4464889,3747733079919732454,,22406,20082897,91,1,0,0,0
-2.2762888,53.4536866,-6745360461790777626,,21120,17843055,65,0,0,0,1
-2.2745104,53.4114446,2776124305548314342,,366037,1064370634,53,2,1,3,3
-2.2745278,53.4141411,-8146062154448888090,,306090,2147483647,3,0,1,0,0
-2.2746437,53.4321179,5129489803469690598,,63308,160317015,72,0,0,0,2
-2.2747017,53.4411063,8694593917841940198,,38008,57787018,159,2,0,1,0
-2.2748353,53.4617796,-7963577233589940506,,17506,12259105,96,1,1,0,1
-2.2748411,53.4626784,1224995859356020454,,16985,11540330,54,0,0,0,1
-2.2730003,53.4105492,3264365294101991142,,208670,1741735277,56,0,1,0,1
-2.2731501,53.4339191,-7483776166939887898,,59067,139557231,55,1,0,1,1
-2.2732425,53.4483005,8733510083342366438,,29940,35856251,94,2,0,0,0
-2.2716106,53.4285295,7754654589363493606,,82537,272499853,93,1,1,0,0
-2.2716966,53.4420121,5236176694937933542,,40653,66107085,139,0,0,0,1
-2.270117,53.4303306,-2806142382302741786,,71935,206988403,91,1,1,0,2
-2.2701969,53.4429143,-883026300836609306,,40354,65140876,79,1,0,0,1
-2.2702369,53.4492062,-41763006241118490,,32003,40969041,166,0,1,1,1
-2.2702597,53.4528015,-7931003475094698266,,28375,32207770,35,0,1,1,0
-2.2702654,53.4537004,6819095260738981606,,27560,30382264,100,1,0,0,0
-2.2703054,53.4599922,-7912244995463601434,,22564,20365811,132,2,0,1,0
-2.2686233,53.4321316,5372408354593882854,,62970,158610834,49,0,0,1,0
-2.268663,53.4384235,-5934466008652672282,,48574,94378325,77,0,1,0,0
-2.2687198,53.4474119,9176374504117685990,,34994,48985181,183,3,1,0,1
-2.268788,53.458198,6419508602275400422,,24942,24884893,75,0,3,1,1
-2.2671013,53.4294385,4752830125885518566,,64021,163951767,74,1,0,2,0
-2.267265,53.4555048,4478697253586027238,,27881,31094297,96,1,0,1,0
-2.2675762,53.5049407,2255857857781311206,,2024,163941,144,0,1,0,0
-2.2655571,53.42315,-6269426899360172314,,57218,130960180,80,0,0,1,2
-2.2656131,53.4321384,-5612665323381379354,,53710,115393352,68,1,0,0,0
-2.2656973,53.445621,-5218552303869948186,,37171,55269021,63,0,0,0,1
-2.2657029,53.4465198,-6965110007834916122,,36254,52576086,84,0,0,0,1
-2.266232,53.5310101,-8041497762459535642,,71,203,33,0,1,0,0
-2.2640634,53.424951,4576024703511445222,,47034,88487921,83,1,0,0,1
-2.2640746,53.4267487,3915512869213211366,,48501,94094156,91,0,0,1,1
-2.2640857,53.4285464,5583329754769431270,,48992,96010786,39,1,0,0,0
-2.2641136,53.4330406,1535406850222064358,,47358,89713857,105,2,0,0,0
-2.2642029,53.447422,3721020951281224422,,34825,48512377,203,1,0,1,0
-2.2643482,53.4707918,3746528563888760550,,18481,13662901,268,0,0,0,1
-2.2643705,53.4743871,7523243050024706790,,16224,10529977,287,1,1,0,0
-2.2644488,53.4869708,8811210428039399142,,8933,3192561,300,0,1,0,0
-2.2625309,53.4204601,4891468263654589158,,27074,29320093,85,0,2,1,0
-2.2625697,53.426752,1950092272328795878,,39345,61922265,61,0,0,1,0
-2.2626085,53.4330439,3428459109311216358,,41786,69844998,169,0,1,1,1
-2.2626584,53.4411334,-7262951766779244826,,38048,57907736,67,0,0,0,3
-2.2627917,53.4627056,419923337376418534,,23956,22955942,62,0,0,1,0
-2.2629474,53.4878729,8420197632048202470,,8795,3094435,248,0,0,0,1
-2.2610372,53.4222611,2373674782415587046,,23180,21493778,60,0,1,1,0
-2.2611144,53.4348449,5470786643875219174,,36473,53211503,19,0,0,0,1
-2.261291,53.4636077,-973341620353387802,,23476,22046091,82,0,0,0,1
-2.2614016,53.4815844,-2385642583785309466,,12603,6354064,179,0,0,1,0
-2.2615344,53.5031564,909519168879458022,,2934,344348,128,1,0,0,0
-2.2595325,53.4222644,1073210327316535014,,16745,11216282,50,0,1,0,1
-2.2596476,53.44114,-1472872315449357594,,32257,41622159,109,1,0,1,0
-2.2597244,53.4537238,7887483291957063398,,28239,31899577,100,0,0,0,2
-2.2598178,53.469004,-4245907253093177626,,20338,16545731,57,1,0,0,1
-2.2581967,53.4501317,-3656874223088665882,,28173,31750550,94,0,1,0,0
-2.2582568,53.4600189,-2816051325431127322,,24685,24374319,109,1,0,0,0
-2.2582677,53.4618166,-4015955229236073754,,23879,22808696,184,2,0,0,0
-2.2582841,53.4645131,6375049972726344422,,22590,20413773,102,0,1,0,0
-2.2583988,53.4833886,-6795109046064659738,,11960,5721937,28,0,0,0,1
-2.2584043,53.4842875,-15492217514117402,,11447,5241571,255,1,0,0,1
-2.2584535,53.492377,7692736118694167270,,7202,2075107,63,0,0,0,1
-2.258459,53.4932758,-3331740874115890458,,6786,1842018,118,0,0,1,0
-2.2565284,53.4231697,4086883296991667942,,9670,3740871,67,1,0,0,0
-2.2568104,53.4699094,-5781117913048843546,,19561,15306780,50,0,0,1,0
-2.3003317,53.4464377,7101054576439167718,,1428,81602,70,0,0,0,1
-2.2550883,53.433959,-5515627397525846298,,18214,13271327,120,0,0,0,1
-2.2551637,53.4465428,7775322216010172134,,24205,23435936,44,0,0,0,1
-2.2536527,53.4456472,2619397501062632166,,21546,18570222,64,1,0,0,0
-2.2536581,53.446546,-1630539720747246874,,21791,18995601,61,2,0,0,0
-2.2537707,53.4654216,238841282692024038,,20428,16692369,128,0,0,0,1
-2.2973142,53.4455464,-7267395860098369818,,2351,221171,82,0,0,0,1
-2.296109,53.4886942,8779711553983110886,,873,30533,135,1,0,0,0
-2.2522645,53.4654248,-1999032325704885530,,19570,15319461,104,0,0,1,0
-2.2522698,53.4663237,-7876654674811672858,,19315,14924015,69,0,0,0,1
-2.250631,53.4438559,2798638899196614374,,15937,10160332,80,1,1,0,0
-2.2507158,53.4582373,2227005268828979942,,19399,15053588,135,1,0,0,0
-2.2910461,53.4096077,-7033744925809632538,,3101,384806,88,1,0,0,0
-2.2476409,53.4474575,3799172793116059366,,13409,7192612,113,0,1,0,0
-2.246354,53.4852118,2652641049619550950,,9839,3872731,540,0,0,1,1
-2.2867268,53.4383815,4833823186980996838,,13639,7441831,135,0,0,1,0
-2.2447538,53.4690359,-4473525361916747034,,13879,7705617,106,1,0,0,0
-2.2447642,53.4708335,2100845087143073510,,13644,7446622,308,0,0,1,0
-2.2852637,53.444677,5823205135135245030,,13326,7103614,87,1,0,0,0
-2.2853662,53.4599572,6182271458266683110,,8521,2904916,61,0,0,0,1
-2.2835306,53.4105246,7604098981305784038,,231688,2147190948,104,3,3,3,0
-2.2835365,53.4114235,-599914022812137754,,201664,1626741551,87,2,0,3,2
-2.2837102,53.4374899,-9100451280627236122,,21145,17885891,39,0,1,0,0
-2.2838001,53.4509724,8459384415438333670,,12802,6555750,93,0,0,1,0
-2.2432783,53.474432,7713023115322323686,,12112,5868985,341,0,0,2,2
-2.2415724,53.4393803,8075698790808279782,,4052,656865,85,0,0,1,0
-2.2419252,53.5014,-142285594399003930,,3421,468174,129,0,1,0,0
-2.2822466,53.4437853,2122519158056019686,,19078,14559735,120,0,0,1,0
-2.2822586,53.445583,3863050261561874150,,17803,12678555,136,0,1,0,0
-2.2823122,53.4536725,-3204394323104353562,,13534,7326786,96,0,0,1,0
-2.2807649,53.4473842,6515672594592898790,,19116,14617293,100,0,1,0,0
-2.2808123,53.4545749,7995251492284795622,,14928,8914439,12,0,0,0,1
-2.2790352,53.4132318,-3774935843294848282,,438899,2147483647,87,2,3,1,1
-2.2790411,53.4141306,-7625449010453911834,,366011,1063621919,81,3,5,1,2
-2.2791708,53.4339051,-2763341807466538266,,42096,70883203,55,0,0,1,1
-2.2792179,53.4410959,2841143334275152614,,28303,32043370,128,0,1,1,1
-2.2402194,53.4663485,-6733831424505967898,,10695,4575647,151,0,0,2,0
-2.2774957,53.4078422,-2624142760926695706,,1369134,1966769575,58,10,7,10,6
-2.2776421,53.4303133,-2287991079722066202,,61185,149747858,80,1,0,0,1
-2.2779181,53.4725586,-7602251808141112602,,9931,3945030,110,0,0,0,1
-2.2779239,53.4734575,5630282736466099942,,9572,3665207,173,1,0,0,0
-2.2386424,53.4537678,-8423021331820129562,,7083,2006816,120,0,0,0,1
-2.2371215,53.4510743,-6530821373774780698,,5298,1122935,249,0,1,0,0
-2.2747075,53.4420052,725195977359123174,,36426,53074655,99,0,0,0,1
-2.2748004,53.4563866,-256397081123384602,,20953,17561722,118,2,0,1,1
-2.272983,53.4078526,4915496558706316006,,109370,478472992,36,1,2,0,0
-2.2730175,53.4132457,-4782145369997311258,,234222,2147483647,80,5,1,2,2
-2.2731328,53.4312226,2131140351234898662,,69761,194666923,74,0,1,1,2
-2.2731732,53.4375144,7200972743470560998,,48337,93458640,159,0,1,2,0
-2.2354863,53.4277074,3940474903931937510,,286,3276,84,0,1,0,0
-2.2714959,53.4105526,-1461972670923391258,,110923,492165307,27,0,0,1,1
-2.2717483,53.4501016,5824837304951805670,,29676,35226754,106,1,0,0,0
-2.2720819,53.502234,8742133495830647526,,2119,179712,155,0,0,0,1
-2.2702483,53.4510039,986770394750326502,,30110,36264984,61,0,1,0,1
-2.2702768,53.4554981,6716872253921967846,,26016,27074803,82,0,0,1,0
-2.2703912,53.4734748,-666439983820089626,,14088,7939511,96,0,0,0,1
-2.2684873,53.4105594,4125586489655690982,,30146,36353236,44,0,0,0,1
-2.2686063,53.4294351,1122026596768137958,,70439,198471474,86,1,0,2,1
-2.268629,53.4330305,-3858656228141421850,,60634,147060355,34,1,0,0,0
-2.2687596,53.4537038,6221569392233356006,,28617,32759424,99,0,1,1,0
-2.2687823,53.4572991,4529314032904151782,,25635,26287820,96,0,1,0,0
-2.2671916,53.4438199,1680044342012397286,,39669,62945307,47,0,1,0,0
-2.2672707,53.4564037,-6700481593475912986,,27163,29514984,129,1,0,1,0
-2.2311278,53.4564791,4139518032074436326,,3629,526918,155,0,1,0,1
-2.2312109,53.4717594,-7906290957057317146,,5647,1275557,150,1,0,0,0
-2.2655458,53.4213523,5332818407490085606,,54272,117820606,98,2,0,0,0
-2.2656524,53.4384303,-2113705620078942490,,45541,82961418,51,0,0,1,0
-2.2656692,53.4411268,-4845653763894477082,,42191,71205974,60,1,0,1,0
-2.2658097,53.4635977,-912754099890085146,,22616,20460406,83,0,1,0,0
-2.2659784,53.4905628,-3756384778456464666,,6852,1878262,90,0,1,0,0
-2.2282606,53.4834501,299718080835278566,,4178,698298,399,0,0,0,1
-2.2641638,53.4411301,-2105733320797071642,,40391,65258673,85,0,1,1,1
-2.2642755,53.4591069,8277026299733644006,,26098,27244697,149,0,1,1,0
-2.2643202,53.4662976,-2394555047171987738,,21353,18238614,64,0,1,0,0
-2.262542,53.4222578,-9191006981421673754,,31679,40142964,91,0,0,0,1
-2.2628306,53.4689974,6779815933388163814,,20019,16030803,39,0,1,0,0
-2.2628361,53.4698963,6294439684837760742,,19456,15142441,94,0,1,0,0
-2.2629251,53.4842776,8625911555842868966,,10736,4611252,92,0,1,0,0
-2.2629752,53.4923671,-2411024554433884442,,6623,1754813,77,1,0,0,0
-2.2612303,53.4537205,5824254757128707814,,29099,33870674,155,1,2,0,1
-2.2613408,53.4716972,7806728709181881062,,18616,13863070,150,1,0,0,0
-2.2613518,53.4734949,-4037878290238213402,,17514,12270263,289,0,1,0,1
-2.2613795,53.4779891,-1133286490917992730,,14761,8716427,296,3,0,0,0
-2.2614292,53.4860786,5865639443300480742,,10036,4029594,124,0,0,1,0
-2.2615289,53.5022576,-6836119639435230490,,3180,404748,136,0,0,0,1
-2.225161,53.4672767,5601381411721261798,,2968,352507,89,0,0,0,1
-2.2597519,53.458218,2734994937721224934,,26135,27322610,73,1,1,0,2
-2.2598343,53.4717005,-7481353023776088346,,18761,14079120,112,0,0,0,1
-2.258224,53.4546259,-5254841027862522138,,26811,28753207,93,0,1,0,0
-2.2582459,53.4582212,5422709100531914470,,25444,25897819,87,0,0,3,0
-2.2565934,53.4339558,4875467706093794022,,22091,19520784,121,1,0,0,1
-2.2566747,53.4474384,-920116277845557530,,26591,28283351,171,0,1,0,1
-2.2567019,53.4519326,-5355311635915870490,,26127,27305036,71,0,1,1,0
-2.2567344,53.4573257,8833625453736819430,,24821,24644943,151,0,0,1,0
-2.2567616,53.4618198,7653164197087816422,,23250,21622947,245,1,2,1,1
-2.2568267,53.4726059,1217555858413846246,,18142,13166559,200,0,1,4,0
-2.2551583,53.445644,8748763637590048486,,24058,23152831,146,0,2,1,0
-2.255277,53.4654184,9178608356376743654,,21155,17901699,82,0,1,0,0
-2.255304,53.4699126,7553071539244005094,,19212,14764691,102,1,0,0,0
-2.2554229,53.489687,5275382032462510822,,8702,3029377,283,0,0,0,1
-2.2555148,53.5049671,-3580883654709893402,,2776,308363,127,0,1,0,0
-2.2537493,53.4618263,8451244521267567334,,21477,18451288,261,1,0,0,0
-2.2537761,53.4663205,304539181631893222,,20120,16192962,193,1,0,0,0
-2.2522058,53.4555376,6427615932087326438,,20932,17527231,87,0,0,1,0
-2.2507953,53.4717199,9018751413319332582,,16785,11270731,53,0,1,0,0
-2.2491255,53.443859,-466427739359911194,,13711,7520541,126,0,0,0,2
-2.2492888,53.471723,-7711565303493118234,,16062,10319645,546,1,0,1,0
-2.2477247,53.4618389,-7942383138907096346,,16607,11032630,112,1,0,0,0
-2.2147666,53.4969578,-6758840619212379418,,882,31167,28,0,1,0,0
-2.2460313,53.4294838,-4359770976128117018,,2777,308631,115,0,0,0,1
-2.2461301,53.4465618,-7521711443507398938,,11199,5017114,41,1,0,0,0
-2.2461925,53.4573479,2042843076814425830,,14747,8699189,72,0,1,0,0
-2.2432268,53.4654436,-7629650627734227226,,12915,6672548,60,1,0,0,0
-2.2432423,53.4681401,-5203989260296546586,,12890,6647099,315,0,0,1,1
-2.2432525,53.4699378,8749049905311696614,,12768,6521135,74,0,0,0,1
-2.2416388,53.4510652,122949555840550630,,8550,2924580,151,0,0,1,0
-2.2401229,53.4492706,-6219248306253484314,,6709,1800781,99,0,0,1,0
-2.2401432,53.4528659,6684988434940745446,,7927,2513918,198,1,0,0,0
-2.2405246,53.5202785,-193319899192973594,,500,10034,103,0,0,1,0
-2.238592,53.4447794,875927322179815142,,4214,710345,72,0,1,0,0
-2.2371065,53.4483778,-7949663692964614426,,4503,811342,138,0,0,0,1
-2.2355908,53.4465831,4982410056477099750,,3286,432121,16,0,0,1,0
-2.235935,53.5086028,584657000593374950,,1566,98099,159,0,0,0,1
-2.2325845,53.4474878,8221848033549164262,,2390,228558,80,0,0,0,1
-2.2297238,53.4753577,-8505769374084876570,,5066,1026669,321,0,0,1,0
-2.2265907,53.4528924,8974881322742455014,,1680,112987,144,1,0,0,0
-2.2223271,53.5014381,829593926522587878,,1304,68101,30,0,1,0,0
